{"Maths %":{"["Andaman & Nicobar","Boy"]":31.8298370307,"["Andaman & Nicobar","Girl"]":32.2292585737,"["Andhra Pradesh","Boy"]":31.5503356157,"["Andhra Pradesh","Girl"]":31.7712593115,"["Arunachal Pradesh","Boy"]":32.9012692154,"["Arunachal Pradesh","Girl"]":31.800891528,"["Bihar","Boy"]":39.0671417647,"["Bihar","Girl"]":37.3035353513,"["Chandigarh","Boy"]":31.5263551954,"["Chandigarh","Girl"]":30.945808465,"["Chattisgarh","Boy"]":32.2532023127,"["Chattisgarh","Girl"]":32.5342021748,"["Dadra & Nagar Haveli","Boy"]":40.5276353797,"["Dadra & Nagar Haveli","Girl"]":40.2815800493,"["Daman & Diu","Boy"]":38.267459695,"["Daman & Diu","Girl"]":40.2459988634,"["Delhi","Boy"]":31.6295033984,"["Delhi","Girl"]":32.2180853718,"["Goa","Boy"]":36.0162577817,"["Goa","Girl"]":38.0604009017,"["Gujarat","Boy"]":32.6776404736,"["Gujarat","Girl"]":33.7529653716,"["Haryana","Boy"]":36.0879409779,"["Haryana","Girl"]":35.6308977778,"["Himachal Pradesh","Boy"]":32.1414530511,"["Himachal Pradesh","Girl"]":31.7618269567,"["Jammu & Kashmir","Boy"]":34.4542163894,"["Jammu & Kashmir","Girl"]":37.2160075856,"["Jharkhand","Boy"]":38.883825132,"["Jharkhand","Girl"]":36.3156738734,"["Karnataka","Boy"]":34.5621019303,"["Karnataka","Girl"]":34.6459804885,"["Kerala","Boy"]":34.2287866479,"["Kerala","Girl"]":37.2875870197,"["Madhya Pradesh","Boy"]":40.5484475449,"["Madhya Pradesh","Girl"]":40.3845020392,"["Maharashtra","Boy"]":35.5007225755,"["Maharashtra","Girl"]":35.8999173937,"["Manipur","Boy"]":39.7763633732,"["Manipur","Girl"]":39.2264041319,"["Meghalaya","Boy"]":30.4346714744,"["Meghalaya","Girl"]":30.9006556373,"["Mizoram","Boy"]":35.0163133971,"["Mizoram","Girl"]":35.7551226748,"["Nagaland","Boy"]":32.5647216157,"["Nagaland","Girl"]":32.8603608761,"["Orissa","Boy"]":36.0782886704,"["Orissa","Girl"]":34.7810545397,"["Pondicherry","Boy"]":27.214681548,"["Pondicherry","Girl"]":28.1376271514,"["Punjab","Boy"]":36.8268933801,"["Punjab","Girl"]":36.8588724017,"["Rajasthan","Boy"]":34.6521560591,"["Rajasthan","Girl"]":35.4840480216,"["Sikkim","Boy"]":35.8531480504,"["Sikkim","Girl"]":34.9547420461,"["Tamil Nadu","Boy"]":29.6234927319,"["Tamil Nadu","Girl"]":30.6280617109,"["Tripura","Boy"]":40.7572340195,"["Tripura","Girl"]":41.4422539929,"["Uttar Pradesh","Boy"]":45.3973494516,"["Uttar Pradesh","Girl"]":44.1596573024,"["Uttarakhand","Boy"]":33.4544475348,"["Uttarakhand","Girl"]":32.8493880145,"["West Bengal","Boy"]":38.4300484528,"["West Bengal","Girl"]":37.0453979139},"Reading %":{"["Andaman & Nicobar","Boy"]":40.9171953176,"["Andaman & Nicobar","Girl"]":43.4220308019,"["Andhra Pradesh","Boy"]":37.1114617699,"["Andhra Pradesh","Girl"]":38.0095206721,"["Arunachal Pradesh","Boy"]":38.5339422427,"["Arunachal Pradesh","Girl"]":37.8851890135,"["Bihar","Boy"]":40.8742781205,"["Bihar","Girl"]":38.5547125669,"["Chandigarh","Boy"]":50.9635683288,"["Chandigarh","Girl"]":54.1239711332,"["Chattisgarh","Boy"]":39.8730218258,"["Chattisgarh","Girl"]":39.0146929792,"["Dadra & Nagar Haveli","Boy"]":45.1292082564,"["Dadra & Nagar Haveli","Girl"]":46.0389175164,"["Daman & Diu","Boy"]":56.0109356524,"["Daman & Diu","Girl"]":59.3578960668,"["Delhi","Boy"]":37.7405038994,"["Delhi","Girl"]":41.6875828658,"["Goa","Boy"]":43.585678269,"["Goa","Girl"]":47.1826698961,"["Gujarat","Boy"]":40.2057633345,"["Gujarat","Girl"]":43.269310518,"["Haryana","Boy"]":40.5235354783,"["Haryana","Girl"]":41.8728160135,"["Himachal Pradesh","Boy"]":38.5036557469,"["Himachal Pradesh","Girl"]":39.5099367589,"["Jammu & Kashmir","Boy"]":33.7431884605,"["Jammu & Kashmir","Girl"]":35.6874089398,"["Jharkhand","Boy"]":42.2925917995,"["Jharkhand","Girl"]":39.4865792751,"["Karnataka","Boy"]":39.1945209415,"["Karnataka","Girl"]":40.6598069174,"["Kerala","Boy"]":45.2176766246,"["Kerala","Girl"]":51.1342948295,"["Madhya Pradesh","Boy"]":42.7499782281,"["Madhya Pradesh","Girl"]":42.5392454162,"["Maharashtra","Boy"]":45.1717945076,"["Maharashtra","Girl"]":47.7504334179,"["Manipur","Boy"]":41.8866576342,"["Manipur","Girl"]":41.1322874464,"["Meghalaya","Boy"]":35.3558808471,"["Meghalaya","Girl"]":36.2844950037,"["Mizoram","Boy"]":38.666188143,"["Mizoram","Girl"]":40.57840363,"["Nagaland","Boy"]":39.2343595342,"["Nagaland","Girl"]":39.0085152779,"["Orissa","Boy"]":41.8786097694,"["Orissa","Girl"]":41.537448949,"["Pondicherry","Boy"]":33.1340633945,"["Pondicherry","Girl"]":36.7737046998,"["Punjab","Boy"]":42.563798173,"["Punjab","Girl"]":45.0588611593,"["Rajasthan","Boy"]":38.2120810862,"["Rajasthan","Girl"]":38.9244025179,"["Sikkim","Boy"]":40.7103240885,"["Sikkim","Girl"]":39.9896851274,"["Tamil Nadu","Boy"]":35.8667045468,"["Tamil Nadu","Girl"]":38.0555350973,"["Tripura","Boy"]":42.9502444557,"["Tripura","Girl"]":43.2042430723,"["Uttar Pradesh","Boy"]":45.8794389584,"["Uttar Pradesh","Girl"]":44.4946812483,"["Uttarakhand","Boy"]":40.6174997048,"["Uttarakhand","Girl"]":39.7673954014,"["West Bengal","Boy"]":46.4025999339,"["West Bengal","Girl"]":45.1793019387},"Science %":{"["Andaman & Nicobar","Boy"]":38.4674403242,"["Andaman & Nicobar","Girl"]":39.409017448,"["Andhra Pradesh","Boy"]":33.9594973857,"["Andhra Pradesh","Girl"]":34.461342914,"["Arunachal Pradesh","Boy"]":35.4595970097,"["Arunachal Pradesh","Girl"]":34.3503036404,"["Bihar","Boy"]":38.6269762141,"["Bihar","Girl"]":36.3238534342,"["Chandigarh","Boy"]":35.621918173,"["Chandigarh","Girl"]":35.651451141,"["Chattisgarh","Boy"]":35.5548396724,"["Chattisgarh","Girl"]":35.2440602825,"["Dadra & Nagar Haveli","Boy"]":44.7200793472,"["Dadra & Nagar Haveli","Girl"]":43.2993175555,"["Daman & Diu","Boy"]":48.6692096372,"["Daman & Diu","Girl"]":48.1406506296,"["Delhi","Boy"]":34.4203646633,"["Delhi","Girl"]":36.3103445632,"["Goa","Boy"]":40.6074347009,"["Goa","Girl"]":43.3299672056,"["Gujarat","Boy"]":36.3785060098,"["Gujarat","Girl"]":38.2365837954,"["Haryana","Boy"]":37.1078225557,"["Haryana","Girl"]":37.3908602555,"["Himachal Pradesh","Boy"]":34.7046226427,"["Himachal Pradesh","Girl"]":34.9170224003,"["Jammu & Kashmir","Boy"]":34.5605511978,"["Jammu & Kashmir","Girl"]":37.0058254114,"["Jharkhand","Boy"]":40.2304930059,"["Jharkhand","Girl"]":37.3029848265,"["Karnataka","Boy"]":35.7598195383,"["Karnataka","Girl"]":36.3035557684,"["Kerala","Boy"]":39.3702440945,"["Kerala","Girl"]":43.1927008334,"["Madhya Pradesh","Boy"]":40.5665894114,"["Madhya Pradesh","Girl"]":40.3381960925,"["Maharashtra","Boy"]":39.5217076638,"["Maharashtra","Girl"]":40.4242253787,"["Manipur","Boy"]":41.3812466,"["Manipur","Girl"]":41.1705233483,"["Meghalaya","Boy"]":33.0484533876,"["Meghalaya","Girl"]":33.8718519418,"["Mizoram","Boy"]":36.8230791942,"["Mizoram","Girl"]":38.0260848064,"["Nagaland","Boy"]":34.6125946143,"["Nagaland","Girl"]":34.9117122816,"["Orissa","Boy"]":39.8260656811,"["Orissa","Girl"]":38.8065736629,"["Pondicherry","Boy"]":30.0262042919,"["Pondicherry","Girl"]":32.0194781824,"["Punjab","Boy"]":38.6935510519,"["Punjab","Girl"]":39.9399783071,"["Rajasthan","Boy"]":35.5189000964,"["Rajasthan","Girl"]":36.0969115958,"["Sikkim","Boy"]":38.1670397624,"["Sikkim","Girl"]":37.6081563644,"["Tamil Nadu","Boy"]":32.6794870454,"["Tamil Nadu","Girl"]":34.241850521,"["Tripura","Boy"]":42.4542007395,"["Tripura","Girl"]":42.3369449864,"["Uttar Pradesh","Boy"]":43.8324701355,"["Uttar Pradesh","Girl"]":42.7532845348,"["Uttarakhand","Boy"]":36.08808278,"["Uttarakhand","Girl"]":35.2367533725,"["West Bengal","Boy"]":42.5071732188,"["West Bengal","Girl"]":40.8713776834},