{"Science":{"Andaman & Nicobar":38.9299760189,"Andhra Pradesh":34.2291698709,"Arunachal Pradesh":34.8928226443,"Bihar":37.4207085778,"Chandigarh":35.6355334528,"Chattisgarh":35.3988544456,"Dadra & Nagar Haveli":43.9909384702,"Daman & Diu":48.374836194,"Delhi":35.4586479677,"Goa":41.9585026744,"Gujarat":37.1715708078,"Haryana":37.2605102259,"Himachal Pradesh":34.8147290565,"Jammu & Kashmir":35.7334797244,"Jharkhand":38.6009289653,"Karnataka":36.0415347283,"Kerala":41.4305753864,"Madhya Pradesh":40.4325455776,"Maharashtra":39.953103195,"Manipur":41.274777658,"Meghalaya":33.5082379693,"Mizoram":37.4289418864,"Nagaland":34.7690825141,"Orissa":39.259928556,"Pondicherry":31.0593534347,"Punjab":39.2735143348,"Rajasthan":35.7967130768,"Sikkim":37.850617526,"Tamil Nadu":33.4531114255,"Tripura":42.3939078797,"Uttar Pradesh":43.2071073727,"Uttarakhand":35.6412050583,"West Bengal":41.5950773452}}