{"Maths":{"Andaman & Nicobar":32.0260468962,"Andhra Pradesh":31.6692310743,"Arunachal Pradesh":32.3390501643,"Bihar":38.1429755,"Chandigarh":31.2587117203,"Chattisgarh":32.3942407105,"Dadra & Nagar Haveli":40.3597115011,"Daman & Diu":39.3693790248,"Delhi":31.9535897841,"Goa":37.0306722278,"Gujarat":33.1366106683,"Haryana":35.8413842066,"Himachal Pradesh":31.9446577801,"Jammu & Kashmir":35.7832995273,"Jharkhand":37.4528353691,"Karnataka":34.6055602519,"Kerala":35.8775017419,"Madhya Pradesh":40.4522280749,"Maharashtra":35.6915120712,"Manipur":39.6148702319,"Meghalaya":30.6877804063,"Mizoram":35.3883955998,"Nagaland":32.7193897348,"Orissa":35.3579177521,"Pondicherry":27.6930605924,"Punjab":36.8417732363,"Rajasthan":35.0519930619,"Sikkim":35.3454233125,"Tamil Nadu":30.1211533382,"Tripura":41.1094710073,"Uttar Pradesh":44.6789954871,"Uttarakhand":33.1368411917,"West Bengal":37.6579873879}}