{"Maths %":{"Andaman & Nicobar":31.8298370307,"Andhra Pradesh":31.5503356157,"Arunachal Pradesh":32.9012692154,"Bihar":39.0671417647,"Chandigarh":31.5263551954,"Chattisgarh":32.2532023127,"Dadra & Nagar Haveli":40.5276353797,"Daman & Diu":38.267459695,"Delhi":31.6295033984,"Goa":36.0162577817,"Gujarat":32.6776404736,"Haryana":36.0879409779,"Himachal Pradesh":32.1414530511,"Jammu & Kashmir":34.4542163894,"Jharkhand":38.883825132,"Karnataka":34.5621019303,"Kerala":34.2287866479,"Madhya Pradesh":40.5484475449,"Maharashtra":35.5007225755,"Manipur":39.7763633732,"Meghalaya":30.4346714744,"Mizoram":35.0163133971,"Nagaland":32.5647216157,"Orissa":36.0782886704,"Pondicherry":27.214681548,"Punjab":36.8268933801,"Rajasthan":34.6521560591,"Sikkim":35.8531480504,"Tamil Nadu":29.6234927319,"Tripura":40.7572340195,"Uttar Pradesh":45.3973494516,"Uttarakhand":33.4544475348,"West Bengal":38.4300484528},"Reading %":{"Andaman & Nicobar":40.9171953176,"Andhra Pradesh":37.1114617699,"Arunachal Pradesh":38.5339422427,"Bihar":40.8742781205,"Chandigarh":50.9635683288,"Chattisgarh":39.8730218258,"Dadra & Nagar Haveli":45.1292082564,"Daman & Diu":56.0109356524,"Delhi":37.7405038994,"Goa":43.585678269,"Gujarat":40.2057633345,"Haryana":40.5235354783,"Himachal Pradesh":38.5036557469,"Jammu & Kashmir":33.7431884605,"Jharkhand":42.2925917995,"Karnataka":39.1945209415,"Kerala":45.2176766246,"Madhya Pradesh":42.7499782281,"Maharashtra":45.1717945076,"Manipur":41.8866576342,"Meghalaya":35.3558808471,"Mizoram":38.666188143,"Nagaland":39.2343595342,"Orissa":41.8786097694,"Pondicherry":33.1340633945,"Punjab":42.563798173,"Rajasthan":38.2120810862,"Sikkim":40.7103240885,"Tamil Nadu":35.8667045468,"Tripura":42.9502444557,"Uttar Pradesh":45.8794389584,"Uttarakhand":40.6174997048,"West Bengal":46.4025999339},"Science %":{"Andaman & Nicobar":38.4674403242,"Andhra Pradesh":33.9594973857,"Arunachal Pradesh":35.4595970097,"Bihar":38.6269762141,"Chandigarh":35.621918173,"Chattisgarh":35.5548396724,"Dadra & Nagar Haveli":44.7200793472,"Daman & Diu":48.6692096372,"Delhi":34.4203646633,"Goa":40.6074347009,"Gujarat":36.3785060098,"Haryana":37.1078225557,"Himachal Pradesh":34.7046226427,"Jammu & Kashmir":34.5605511978,"Jharkhand":40.2304930059,"Karnataka":35.7598195383,"Kerala":39.3702440945,"Madhya Pradesh":40.5665894114,"Maharashtra":39.5217076638,"Manipur":41.3812466,"Meghalaya":33.0484533876,"Mizoram":36.8230791942,"Nagaland":34.6125946143,"Orissa":39.8260656811,"Pondicherry":30.0262042919,"Punjab":38.6935510519,"Rajasthan":35.5189000964,"Sikkim":38.1670397624,"Tamil Nadu":32.6794870454,"Tripura":42.4542007395,"Uttar Pradesh":43.8324701355,"Uttarakhand":36.08808278,"West Bengal":42.5071732188},"Social %":{"Andaman & Nicobar":38.0454293054,"Andhra Pradesh":34.687579138,"Arunachal Pradesh":36.2247339464,"Bihar":40.7167142323,"Chandigarh":38.7582272412,"Chattisgarh":36.5632502777,"Dadra & Nagar Haveli":44.087868439,"Daman & Diu":47.7904162798,"Delhi":34.0387048369,"Goa":39.2968293701,"Gujarat":36.4237116167,"Haryana":38.9731478103,"Himachal Pradesh":35.8013564112,"Jammu & Kashmir":34.0613449265,"Jharkhand":40.4433166872,"Karnataka":37.8471933169,"Kerala":39.8506542752,"Madhya Pradesh":43.1616517037,"Maharashtra":40.9282276818,"Manipur":40.0587596764,"Meghalaya":32.6768821571,"Mizoram":36.4780666737,"Nagaland":36.1096925036,"Orissa":37.8803540785,"Pondicherry":29.7999354538,"Punjab":40.4531139665,"Rajasthan":37.5113530438,"Sikkim":39.9559604424,"Tamil Nadu":32.2434908713,"Tripura":42.1216764017,"Uttar Pradesh":47.6228693847,"Uttarakhand":37.2895796501,"West Bengal":41.8338200639}}