{"Father edu":100.0,"Mother edu":88.4631102594,"Help in household":84.9740320629,"Read other books":82.3189881083,"Father occupation":79.2121317998,"Use dictionary":77.8489294142,"Express science views":72.8059770784,"Solve science problems":71.0360970864,"Observe experiments":67.5620434564,"Explain answers":66.5725526798,"# Books":66.5317433132,"Answer English WB":64.8802215702,"Express SocSci views":63.953443385,"Participate in SocSci":63.3258992682,"Read magazine":62.6162783859,"Use calculator":58.9155049868,"Historical excursions":56.5682494114,"Draw geometry":55.9229935773,"Dictionary to learn":55.6752602323,"Small groups in SocSci":53.1667546968}